,DATE,MARKET_CAP,MATIC_AVERAGE_PRICE,CIRCULATING_SUPPLY,HOLDERS
0,2021-10-03,7384497047.63201,1.316939335,5607317550.2795,176151
1,2021-11-03,12934034035.228,2.032499253,6363610718.89054,222309
2,2020-05-17,66665044.3570689,0.02039798412,3268217288.48433,3361
3,2022-01-21,12104725412.0527,1.867701014,6481083065.61481,324538
4,2022-02-13,10909624991.6181,1.696548199,6430483378.16513,354057
5,2022-02-23,9616115268.7506,1.512298153,6358610735.71577,366974
6,2022-05-08,6498122950.56439,0.9917265061,6552333642.75748,406709
7,2022-06-14,2887152176.15442,0.4214827513,6849988920.12127,426801
8,2021-05-08,3943365622.20824,0.7649039385,5155373666.69501,71660
9,2021-06-14,7612444727.73803,1.47984808,5144071766.77671,71795
10,2021-08-04,5575653627.87558,1.043335733,5344064668.30071,103766
11,2020-06-01,70267291.1725765,0.02150018954,3268217288.48433,3361
12,2022-03-18,9306705962.73837,1.451760718,6410633549.96828,378187
13,2022-06-23,3628124307.51851,0.5060720377,7169185485.5956,430823
14,2021-04-10,1747187618.74542,0.3653851026,4781770264.59205,53206
15,2022-07-29,6630356319.28431,0.9488083677,6988087948.03292,450648
16,2022-07-30,6601395131.01577,0.9442938893,6990826908.89068,451095
17,2020-09-26,58072839.5679491,0.01910808636,3039176110.36479,10387
18,2020-12-04,77282711.2460683,0.02001184698,3861847999.84306,15943
19,2020-06-24,73686565.0271504,0.02211921948,3331336582.08176,3886
20,2020-09-19,63741438.8477986,0.02099352505,3036242779.20077,9800
21,2021-07-15,4724693346.84396,0.8995305441,5252399018.66105,74840
22,2021-09-21,6239388337.04204,1.134183542,5501215727.19902,163784
23,2022-01-11,14119278314.3413,2.215663016,6372484539.36019,323442
24,2022-02-08,12666106230.9493,1.949781864,6496165785.32633,348429
25,2022-03-01,10254421938.5864,1.605264156,6387996581.0472,373684
26,2022-03-25,10370104655.728,1.616436341,6415411724.08366,383064
27,2020-09-14,58878321.7045762,0.02003059485,2939419530.89426,9599
28,2020-11-19,66168201.0506681,0.0172776572,3829697526.20508,14350
29,2021-03-26,1413195999.49741,0.325381563,4343196296.50575,45208
30,2021-04-12,1734047769.1501,0.3593900324,4824974576.36374,54148
31,2020-11-02,47656614.3745254,0.01395397292,3415272098.543,12914
32,2022-06-13,3005237791.71624,0.4432671513,6779743960.71054,425702
33,2020-09-01,77327034.3073078,0.02630690634,2939419530.89426,9599
34,2021-03-01,925590103.821325,0.2309901287,4007054799.65206,29185
35,2021-05-11,4717507780.64144,0.9170765873,5144071766.77671,71795
36,2020-05-09,58241382.1259725,0.01784146582,3264383247.02865,3026
37,2021-08-10,6081598203.41536,1.137376353,5347041184.706,110726
38,2021-10-10,7422222197.7094,1.315722804,5641174702.67748,185020
39,2021-10-12,6812263403.84389,1.20653341,5646145682.95838,187249
40,2021-12-03,14513249416.1469,2.230650043,6506287016.66565,274040
41,2020-05-14,65504633.8461988,0.0200806196,3262082303.64155,3345
42,2022-02-25,9407568773.51522,1.476056398,6373448053.25433,369371
43,2022-05-24,4340137849.18197,0.6429723257,6750116102.74317,418503
44,2022-06-02,4100973766.99787,0.6058186548,6769309156.47204,421534
45,2020-07-11,65642694.7065994,0.02108247111,3113614830.19863,5350
46,2022-07-05,3627575475.11898,0.5120200947,7084830288.17006,432786
47,2022-07-14,4624735127.09028,0.6531664549,7080484755.91222,439764
48,2020-10-21,45638785.3284729,0.01626065161,2806700889.58505,12629
49,2020-11-07,61266914.5389257,0.01591098829,3850603960.47332,13287
50,2021-01-30,170226710.915516,0.04119594008,4132123470.79112,20988
51,2021-03-21,1634076230.62722,0.3837735567,4257917728.50716,42648
52,2022-04-23,9029625689.61231,1.380241743,6542061011.13825,400334
53,2021-07-22,4812028335.12219,0.8906900205,5402584764.79392,86377
54,2020-07-25,62163494.2400467,0.02098537255,2962229719.89789,6490
55,2021-09-28,6045211259.78461,1.078070741,5607434681.41123,170667
56,2020-05-06,57095806.061917,0.01754509683,3254231458.52595,2965
57,2020-06-10,69027874.3901188,0.02112095626,3268217288.48433,3361
58,2022-03-16,8997650226.43355,1.402635661,6414816389.47007,377916
59,2022-04-13,9288763782.108,1.41396253,6569313958.6831,394726
60,2020-08-25,77288527.3835937,0.02641876596,2925516184.66463,9592
61,2020-07-18,64292798.0078279,0.02113249278,3042366969.09782,5921
62,2021-01-01,68196472.1206056,0.01801326554,3785902782.75549,16711
63,2021-01-03,73288786.891111,0.01942421265,3773063455.01906,16917
64,2021-03-19,1678777668.24338,0.4026089742,4169747263.11961,41563
65,2022-07-20,6362052099.18195,0.8990765192,7076207600.97519,445505
66,2021-01-23,136481813.106379,0.03247074468,4203223992.3935,19706
67,2020-10-17,46592788.3586157,0.01652377859,2819741749.48426,12176
68,2021-05-14,6504785177.93239,1.26452069,5144071766.77671,71795
69,2020-05-19,71100947.9418093,0.02175526951,3268217288.48433,3361
70,2021-09-19,7405773210.08989,1.345938579,5502311416.35835,161889
71,2021-12-20,13746116523.6545,2.132254443,6446752435.88264,286363
72,2020-05-13,58073106.4563513,0.01782625444,3257729022.26593,3292
73,2022-01-02,16270042090.1486,2.534518408,6419382095.46575,312680
74,2022-02-06,11126574530.1835,1.715639962,6485378504.31797,346221
75,2022-03-13,8979207843.94697,1.402882146,6400543244.25775,376606
76,2022-05-03,7136109751.48393,1.08983371,6547888626.61535,403960
77,2022-06-16,2846854692.5033,0.4046844928,7034751128.86008,428634
78,2020-10-23,48128398.7441193,0.01716872792,2803259448.33353,12826
79,2021-01-20,135084282.50761,0.03274693179,4125097379.24554,19471
80,2021-02-27,832750589.126178,0.2081755196,4000233027.14646,28019
81,2022-08-04,6248747033.79128,0.8940009635,6989642392.82823,445681
82,2020-08-01,59627178.8483558,0.02049354159,2909559510.73666,6865
83,2020-10-04,56307223.3087761,0.01852713409,3039176110.36479,10387
84,2021-09-29,6092484388.97283,1.087534987,5602104262.87147,171628
85,2021-09-22,6407519209.3013,1.164424087,5502736742.61609,164819
86,2021-11-02,12075880544.3367,1.909900701,6322779261.04009,219910
87,2022-02-14,10517828607.8404,1.63576247,6429924149.63709,355125
88,2022-04-18,8865726610.28493,1.351334434,6560719822.91277,397277
89,2020-07-20,65318565.5329703,0.0218703839,2986621809.7848,6108
90,2020-11-09,61230467.520636,0.0159076439,3849122340.78817,13373
91,2020-11-28,70215850.1657061,0.01805575888,3888834063.64506,15541
92,2020-12-10,68420741.2061704,0.01775758613,3853042901.66358,15893
93,2021-05-06,4023404111.67815,0.7808908214,5152326037.97358,70222
94,2022-07-26,5247950563.65754,0.7527429207,6971770068.68434,448292
95,2021-11-06,12000253431.919,1.88002159,6383040224.09302,227296
96,2021-04-11,1727710504.09875,0.3603882825,4794025188.35024,53612
97,2021-06-04,8578533382.90337,1.667654296,5144071766.77671,71795
98,2021-10-11,7133147294.80688,1.264154861,5642621419.35687,185966
99,2022-04-08,9730809444.6438,1.494235467,6512232950.99207,392721
100,2020-08-21,79107003.3575921,0.02702910762,2926733819.0521,9579
101,2022-06-04,4005809881.0312,0.5918275666,6768542236.59133,421551
102,2021-03-14,1634843222.43968,0.3971967625,4115953041.17033,38027
103,2022-07-15,4950567738.71959,0.700386109,7068340841.39994,440438
104,2022-07-18,6239735032.87439,0.8823272046,7071905977.73603,443222
105,2021-09-27,6316542664.31929,1.126124097,5609099992.21989,169689
106,2020-06-08,66782338.9749473,0.0204338736,3268217288.48433,3361
107,2020-08-04,60076230.3502504,0.02061961875,2913547097.58097,7032
108,2020-10-25,52107974.4931151,0.01743944301,2987938001.33807,13019
109,2021-07-10,5477717656.27839,1.041258284,5260671380.86894,71996
110,2021-06-25,6158116084.39839,1.170595089,5260671380.86894,71996
111,2021-08-06,5574986535.97806,1.043891036,5340582823.80667,105836
112,2021-10-08,7602159892.65762,1.34875395,5636431978.8802,182820
113,2021-11-07,12063503227.4184,1.889761075,6383612927.04756,229068
114,2022-01-08,13166950959.9511,2.062421661,6384218712.06058,326100
115,2022-03-05,9532374950.30543,1.488553392,6403784375.29958,376964
116,2022-05-17,4822064477.09129,0.7071999787,6818530291.8321,416086
117,2022-06-15,2796414504.21248,0.3962380998,7057409435.05628,427782
118,2020-12-20,75158857.2175748,0.01981048038,3793893725.89991,15983
119,2021-02-22,678913924.660933,0.1541438583,4404417614.58723,24928
120,2020-07-09,65585374.4721048,0.02096638844,3128119783.7689,5243
121,2021-05-24,7349199972.18208,1.428673686,5144071766.77671,71795
122,2021-09-17,7530522248.47306,1.368169524,5504085654.95798,160031
123,2021-12-04,12731164160.9842,1.955625421,6510021817.79936,275947
124,2022-03-07,9125730677.42016,1.427501993,6392797152.76789,377062
125,2022-04-17,9033189502.59623,1.376859513,6560719822.91277,397277
126,2020-08-09,68065873.6514652,0.02293528659,2967735911.17988,7356
127,2020-08-10,68134503.1306134,0.02291731579,2973057741.56931,7413
128,2020-12-03,76858313.3515313,0.01989596955,3863009196.07357,15885
129,2020-12-24,59507465.118289,0.01581557202,3762586964.84058,16345
130,2022-01-03,15899204459.7797,2.476860392,6419095928.73934,315208
131,2022-06-30,3233386939.48365,0.4563817068,7084830288.17006,432786
132,2021-02-03,171874909.620824,0.04123096565,4168588023.56563,20768
133,2020-07-26,62221003.3372306,0.02088514538,2979198957.05789,6530
134,2020-05-07,56571655.8968066,0.01737884169,3255202901.33612,2981
135,2021-05-29,8960121136.57289,1.741834396,5144071766.77671,71795
136,2021-07-12,5309853924.05732,1.022697108,5192010305.22305,72003
137,2021-08-11,6916369867.85468,1.294046472,5344761581.22864,112860
138,2022-01-24,9455933153.78379,1.451168987,6516079957.65443,329030
139,2022-03-27,10496933627.4262,1.633644334,6425470592.10089,384196
140,2022-05-01,7079549398.68948,1.08193362,6543423059.41058,403928
141,2022-06-25,4284654330.59252,0.5976486923,7169185485.5956,430823
142,2022-07-02,3315621595.87222,0.4679888524,7084830288.17006,432786
143,2020-11-11,65740966.4132189,0.01717955676,3826697471.93539,13606
144,2021-04-30,4556534599.64448,0.8670745346,5255066799.45985,65718
145,2022-08-05,6347532489.22247,0.9081340836,6989642392.82823,445681
146,2022-01-28,10741200594.0406,1.638350362,6556107192.46018,334791
147,2021-04-18,1767438855.29451,0.3636333399,4860497268.18188,57537
148,2021-06-18,7426567892.1121,1.429436838,5195450188.8137,71899
149,2022-02-10,12705076308.2999,1.973691166,6437215977.53231,350524
150,2022-02-17,11375201519.0879,1.770243936,6425781944.54964,359084
151,2020-08-20,75820572.4047224,0.02594630555,2922210726.87076,9508
152,2022-07-09,4226614936.75105,0.5942754995,7112214688.49384,436032
153,2020-12-19,77597373.9333674,0.02040411321,3803026044.07136,15873
154,2021-01-24,144292491.374045,0.03426295781,4211326184.52827,19814
155,2021-03-02,931725471.888672,0.2309537144,4034251946.02163,29570
156,2021-04-20,1601415396.13036,0.3280398068,4881771550.4254,58577
157,2020-11-06,56848817.6729083,0.01476134,3851196277.24649,13258
158,2021-06-08,7417085761.58238,1.441870584,5144071766.77672,71795
159,2021-07-08,5714355241.82289,1.086240677,5260671380.86894,71996
160,2021-12-25,16406922200.679,2.555094817,6421257673.33256,295010
161,2022-03-12,9060431568.01438,1.415551121,6400638896.59962,376312
162,2022-03-15,8762820300.40056,1.367231971,6409168659.76829,377604
163,2022-04-14,9199387044.6902,1.400002562,6570978720.50923,395548
164,2022-04-27,8242081022.43936,1.261860027,6531691982.00799,402549
165,2022-06-24,4276806084.07673,0.5965539729,7169185485.5956,430823
166,2021-04-14,1976563456.51286,0.407436048,4851223809.06048,55012
167,2021-05-07,3949750826.49584,0.766268329,5154527046.305,71523
168,2020-07-04,59176117.9834531,0.01930751111,3064927305.21727,4850
169,2021-06-13,7053492364.19259,1.371188561,5144071766.77671,71795
170,2021-12-31,16440610078.6588,2.559790075,6422639980.93373,308415
171,2021-12-30,16170789296.5789,2.517164071,6424209483.32542,305990
172,2022-02-15,11357943626.0056,1.766433185,6429874461.59984,356546
173,2022-03-28,11036247310.6275,1.707670767,6462748866.17084,384973
174,2022-04-11,9001375271.61699,1.382225627,6512232950.99207,392721
175,2022-04-21,9368799457.86913,1.428876278,6556760444.18034,399030
176,2020-07-01,59331588.8500064,0.01903341737,3117232586.66607,4632
177,2020-07-24,62423340.8898638,0.02095833187,2978449872.57575,6419
178,2020-06-27,68908274.9220767,0.02085377129,3304355550.44395,3979
179,2022-07-12,4030580222.40192,0.5699129872,7072272983.42224,438072
180,2020-11-04,48029494.3155326,0.01228954216,3908159773.54977,13100
181,2021-02-25,787629842.457711,0.1842669419,4274395800.10504,26331
182,2022-08-03,6287240471.07859,0.8995919967,6988991113.61729,445057
183,2021-02-09,339678734.193196,0.08013423996,4238871353.31872,21838
184,2021-07-03,5867281219.62674,1.115310346,5260671380.86894,71996
185,2021-08-03,5611956238.91359,1.049169275,5348952137.86929,102664
186,2021-08-05,5568696571.7788,1.042863665,5339812630.59062,104735
187,2021-10-19,8388341057.81226,1.483626882,5653942481.77587,195058
188,2022-01-29,11162010681.9357,1.703044408,6554151277.23827,336129
189,2022-03-10,9215702998.10547,1.440777014,6396342327.6825,375138
190,2022-04-06,9994340745.4369,1.535479763,6508936808.48288,392002
191,2020-08-16,87919184.2123029,0.02986414238,2943971505.73376,8718
192,2020-12-02,73981611.3935871,0.01913941964,3865405157.49692,15783
193,2020-12-16,74358553.927892,0.01937433585,3837992409.54252,15564
194,2021-01-14,123063160.9282,0.03038821042,4049700828.68848,18734
195,2020-05-29,84111612.3526303,0.02573623628,3268217288.48433,3361
196,2020-12-08,71543429.4984651,0.01856766756,3853118830.01489,15845
197,2020-08-15,87039678.5551051,0.02955700762,2944806852.15809,8526
198,2020-06-25,73014995.193805,0.02189173594,3335276626.47575,3917
199,2021-06-22,5811550865.97379,1.109432466,5238309718.07513,71984
200,2021-07-07,6027620918.03267,1.145789288,5260671380.86894,71996
201,2022-03-06,9467844600.28205,1.480970726,6392999157.31142,376767
202,2022-03-21,9428425031.89714,1.469539839,6415902981.73682,379870
203,2020-09-07,53425298.7741233,0.01817545887,2939419530.89426,9599
204,2020-09-23,57946209.8015523,0.01905112569,3041616057.4883,10354
205,2020-11-30,74497257.687583,0.01913666502,3892907024.55463,15664
206,2020-12-17,73743269.5743839,0.01930137992,3820621627.68082,15621
207,2021-01-17,134750286.184751,0.03297635322,4086270100.87307,19026
208,2022-07-31,6678552605.0132,0.954113563,6999746009.47757,451513
209,2022-06-26,4266189704.02081,0.595073138,7169185485.5956,430823
210,2021-10-29,12632260318.3621,2.032475112,6215210333.07861,212510
211,2020-12-18,75081050.4595573,0.01972871711,3805673224.88124,15749
212,2021-09-11,7272998491.0132,1.324641803,5490539762.26826,152194
213,2021-12-09,14903279282.0688,2.253984989,6611969181.37875,278909
214,2020-06-02,70391636.7236541,0.02153823645,3268217288.48433,3361
215,2022-02-28,9595293727.20566,1.497101013,6409249370.97283,372419
216,2022-05-13,4678242251.00381,0.6907962393,6772246263.82782,412749
217,2022-07-03,3351650693.99845,0.4730742386,7084830288.17006,432786
218,2020-10-30,46205632.9054566,0.01354325552,3411707977.64561,12955
219,2020-12-13,69516990.2454837,0.01809808567,3841123946.55477,15362
220,2021-02-16,466253424.735408,0.1083091936,4304837006.07696,23886
221,2020-11-03,44840360.7678931,0.01306811125,3431280918.13452,12993
222,2020-09-17,59792125.1881867,0.01998802974,2991396648.7641,9628
223,2022-01-01,16414419736.1733,2.555986309,6421951354.4397,310421
224,2022-02-04,10392142413.4303,1.600615261,6492592357.94711,344054
225,2022-06-29,3647842781.11474,0.5143339959,7092361792.75887,432094
226,2020-10-19,46936700.5038959,0.01664916519,2819162400.90783,12375
227,2020-10-12,51084948.3704054,0.01810096496,2822222377.50622,11506
228,2020-09-08,53967958.3506622,0.0183600734,2939419530.89426,9599
229,2021-01-02,69780087.4788905,0.01836127234,3800394994.03667,16793
230,2021-03-04,886255153.753495,0.218939267,4047949761.86879,30362
231,2020-11-14,63583481.6826066,0.01652179794,3848460193.35505,13880
232,2020-09-16,58527535.0631376,0.0199112561,2939419530.89426,9599
233,2020-06-23,74281525.6970094,0.02228124836,3333813460.93216,3852
234,2021-06-17,7837138594.55503,1.508461887,5195450188.8137,71899
235,2021-07-09,5495153800.42869,1.044572718,5260671380.86894,71996
236,2021-08-25,7792389876.53754,1.499014195,5198342953.71832,130672
237,2022-03-11,9166739663.47011,1.432046431,6401146962.816,376029
238,2020-08-17,87982753.3884734,0.0299444553,2938198491.67598,8936
239,2022-06-22,3018855172.27142,0.4210876087,7169185485.5956,430823
240,2022-07-04,3311179098.35542,0.4673618088,7084830288.17006,432786
241,2020-12-11,66858996.3126754,0.01741851601,3838386477.28329,15703
242,2020-11-29,72627125.5149258,0.0186751571,3888969989.2765,15581
243,2021-04-07,1699324075.43874,0.3537280572,4804040959.41702,51419
244,2021-11-21,10566765753.048,1.631478904,6476801955.14009,252697
245,2021-01-11,109949161.249093,0.02679809065,4102872950.19283,18497
246,2021-06-12,6492961770.22725,1.262222237,5144071766.77672,71795
247,2021-06-05,8314302543.1721,1.616288209,5144071766.77671,71795
248,2021-08-09,5926548475.90953,1.106647096,5355409593.78866,109455
249,2022-04-30,7376598292.01612,1.127330179,6543423059.41058,403928
250,2022-06-01,4296858883.27677,0.6339865822,6777523379.57949,421522
251,2020-07-29,59300941.355754,0.0203712018,2911018306.71993,6680
252,2020-10-08,46605181.613387,0.01644391481,2834190163.28505,10898
253,2020-06-06,67313805.0791732,0.02059649012,3268217288.48433,3361
254,2020-10-20,44586335.2460147,0.01586643222,2810104667.38025,12410
255,2020-08-24,78716116.5940008,0.02690674453,2925516184.66463,9592
256,2020-07-10,64289301.4984341,0.0205761003,3124464819.23766,5299
257,2021-08-13,7550570884.80136,1.409431618,5357174331.64888,115462
258,2021-11-17,10139207573.0579,1.572955992,6445957564.03539,245790
259,2021-11-15,11151684046.204,1.730167428,6445436359.39823,242750
260,2021-11-10,11565098792.3039,1.806501092,6401932910.24026,234659
261,2022-01-07,13634239701.0664,2.136014744,6383026962.07009,324205
262,2022-01-25,9684151732.9327,1.486778375,6513513982.36765,330257
263,2022-03-26,10223649287.537,1.592568873,6419596325.9929,383550
264,2022-05-21,4327901424.49652,0.642995286,6730844717.71088,417340
265,2022-03-20,9581455297.29198,1.493095546,6417174924.0103,379194
266,2021-05-01,4251935276.10182,0.8078358447,5263365452.12233,66451
267,2021-09-18,7632701757.0623,1.386861286,5503579800.35115,161038
268,2021-06-16,8181744867.58996,1.574790359,5195450188.8137,71899
269,2021-07-11,5459797044.29717,1.037851759,5260671380.86894,71996
270,2021-10-23,9044545657.65024,1.582265349,5716200295.61594,200000
271,2021-10-14,7105915629.48081,1.25846144,5646510417.97111,189831
272,2022-03-23,9747888312.14227,1.520517949,6410899864.40447,381352
273,2022-05-05,7332134857.47869,1.121568296,6537394896.53262,405182
274,2020-11-17,67583414.7442701,0.01759015565,3842115789.01677,14171
275,2020-11-16,63815918.20178,0.0166004973,3844217257.71276,14053
276,2021-12-16,13831249128.6601,2.140043324,6463069682.91227,280551
277,2020-07-19,64296378.0625012,0.0212346156,3027904025.22202,6005
278,2020-07-31,59138090.875735,0.02039295607,2899927341.0527,6789
279,2020-09-03,65260015.5419287,0.02220166766,2939419530.89426,9599
280,2021-07-26,5571325713.84798,1.046322702,5324672496.59547,92371
281,2021-09-03,7779922084.19854,1.45836627,5334683230.57185,140431
282,2021-11-05,12176344336.0225,1.90752349,6383326023.14715,225899
283,2022-03-29,10896547829.92,1.693904241,6432800370.03714,386020
284,2022-04-10,9529289162.52028,1.463290585,6512232950.99207,392721
285,2022-06-28,3757125172.47701,0.5298984528,7090273905.19196,431244
286,2020-09-11,59761908.3875892,0.02033119388,2939419530.89426,9599
287,2021-02-24,647773334.940552,0.1519866321,4262041509.81746,25606
288,2022-07-23,6008003145.08515,0.8511153067,7058976730.86024,446288
289,2021-05-18,10979734108.4492,2.134444193,5144071766.77671,71795
290,2020-05-28,80831718.0339102,0.02473266338,3268217288.48433,3361
291,2020-06-12,65780460.1855754,0.02016966748,3261355708.67767,3362
292,2021-01-15,134232983.42925,0.03296913158,4071474648.59315,18864
293,2021-08-08,6078788900.07198,1.135595668,5352951820.22128,108186
294,2021-10-31,11838514510.2409,1.887065283,6273505542.12073,216792
295,2021-11-12,11087178188.8867,1.719582397,6447599259.3227,238356
296,2022-01-20,13581556129.5964,2.087590201,6505853554.68056,323451
297,2022-02-18,10629286534.1125,1.656349942,6417295201.76264,360445
298,2022-05-20,4366747254.20163,0.6487666017,6730844717.71088,417340
299,2021-01-08,130634654.357477,0.03201111619,4080915317.00909,18146
300,2021-04-22,1913612780.60552,0.3890651218,4918489665.041,59606
301,2021-04-21,1707221136.54144,0.3489310709,4892717442.10391,59086
302,2021-02-02,166135540.635553,0.03991134164,4162614780.43285,20651
303,2021-08-02,5663655113.70854,1.058198873,5352165136.60219,101533
304,2021-09-24,6552838071.55128,1.168791173,5606508866.33138,167258
305,2021-12-26,17759119044.6486,2.766445064,6419472873.84701,297069
306,2021-12-10,14480466124.1261,2.172405971,6665635391.58951,280512
307,2022-01-17,15056688808.1509,2.324869921,6476357524.74378,319403
308,2022-02-09,12766313773.0005,1.970383581,6479100767.97607,349449
309,2022-05-02,7115722495.5017,1.086613687,6548530156.45398,403933
310,2022-04-26,8580714876.96899,1.307304237,6563670976.45341,401988
311,2020-08-12,71970330.9394522,0.02430736966,2960844055.11801,7735
312,2022-06-11,3885811429.66552,0.5733359993,6777546559.89433,423845
313,2020-10-13,50251239.6504447,0.01777539405,2827011289.47536,11708
314,2020-08-29,79525779.9246615,0.02718350366,2925516184.66463,9592
315,2020-12-07,74853602.7164543,0.0193560012,3867203867.47297,15782
316,2021-02-17,457750616.757119,0.1066945532,4290290393.37702,23974
317,2020-08-06,63576080.8219135,0.02184716784,2910037643.3425,7157
318,2022-06-19,2522950471.94087,0.3520097657,7167274086.74434,430472
319,2021-01-31,160889427.60712,0.03892150806,4133689458.8237,21156
320,2020-06-17,68766317.1861332,0.02073959889,3315701405.6216,3575
321,2021-08-23,8477326835.28758,1.631526359,5195948436.09395,129729
322,2021-08-15,7650809599.13916,1.426918435,5361770801.44899,118200
323,2021-11-01,11968446447.3553,1.899153107,6301991348.01768,218520
324,2021-12-06,12682450180.3875,1.956069183,6483640910.19634,278738
325,2021-12-02,13537472351.2349,2.080893962,6505604128.31107,272120
326,2020-05-30,81876962.9761054,0.0250524845,3268217288.48433,3361
327,2021-12-29,16333470462.1021,2.543852773,6420760915.31697,303841
328,2022-01-05,15157832648.6962,2.36315217,6414243161.44345,320245
329,2022-03-30,10837686115.0364,1.679288305,6453737622.61399,386786
330,2022-04-12,9066618776.32767,1.382418165,6558521150.87774,393601
331,2022-05-06,6899786413.38416,1.05305425,6552166151.9579,405921
332,2020-11-15,64143368.5643608,0.01665739481,3850744327.2822,14004
333,2021-02-20,748074946.915951,0.1699580826,4401526160.91215,24520
334,2021-01-21,134123584.983826,0.03209519073,4178930921.65021,19567
335,2021-04-05,1728328844.50174,0.3595015637,4807569755.224,50257
336,2021-04-06,1802167154.08544,0.3744657297,4812635740.21219,50882
337,2022-07-19,6503764571.34761,0.919590742,7072455467.96871,444457
338,2022-05-25,4383203614.45651,0.6491095469,6752640806.92076,419145
339,2020-05-25,66420521.3444364,0.02032316565,3268217288.48433,3361
340,2021-06-06,7978129280.58708,1.55093662,5144071766.77671,71795
341,2021-07-31,5576925650.51562,1.043734204,5343243166.47081,99058
342,2022-01-10,13221915276.0279,2.073445457,6376784705.05501,327361
343,2022-02-26,9818328978.96505,1.540651018,6372844247.81725,370290
344,2020-11-13,63592969.5701367,0.01653964925,3844880178.69977,13769
345,2020-12-27,70744926.2848151,0.01879840478,3763347321.30691,16399
346,2021-02-28,793859329.3505,0.1975162364,4019210491.0355,28538
347,2021-04-01,1613958492.77592,0.3656324173,4414155901.84974,48089
348,2022-07-22,6297053963.00165,0.8902483843,7073367471.5952,446063
349,2022-03-24,10218536094.9853,1.592666365,6415992902.37935,382256
350,2021-06-11,6903298430.09564,1.341991081,5144071766.77671,71795
351,2021-08-01,5822155478.04526,1.088929667,5346677250.62184,100555
352,2021-09-01,7330213124.16291,1.39953207,5237617116.2762,136902
353,2022-01-04,15586062125.1438,2.429556915,6415187076.79708,317868
354,2020-06-30,60961832.9252221,0.01943101323,3137347095.77995,4547
355,2020-09-18,61301680.2851656,0.02045962009,2996227691.58507,9707
356,2021-01-25,144971086.990208,0.03444937155,4208236041.86614,19957
357,2021-04-23,1683085001.84479,0.3421276151,4919465507.68425,60126
358,2022-04-16,9101910960.22145,1.38747312,6560062913.23691,397103
359,2020-10-15,48356528.0122649,0.01710631505,2826823186.05566,11992
360,2020-05-24,67308668.216468,0.02059491835,3268217288.48433,3361
361,2021-10-04,7156066577.80952,1.276153091,5607529872.96256,177515
362,2021-10-25,10070609943.7692,1.634787173,6160196328.74768,203340
363,2021-11-14,11160211418.1233,1.731441279,6445619354.54832,241633
364,2021-12-23,16844887831.3053,2.613270115,6445903825.61205,291314
365,2020-06-04,70509683.511228,0.02157435607,3268217288.48433,3361
366,2020-05-16,64058099.255738,0.01960031834,3268217288.48433,3361
367,2022-03-09,9635134322.01499,1.506636634,6395128129.66959,374548
368,2022-05-19,4306828412.38012,0.6398644736,6730844717.71088,417340
369,2022-06-10,4238359220.77492,0.6252375287,6778798498.35522,423769
370,2022-07-13,3942626290.44333,0.5603201796,7036381043.83458,438782
371,2020-11-24,83664601.2263661,0.02153035389,3885890666.84793,15014
372,2021-01-09,131733703.282194,0.03228637839,4080163518.91603,18385
373,2021-04-04,1686066750.67113,0.3635292745,4638049447.36648,49595
374,2021-05-10,4819726495.64182,0.9305429749,5179477601.59704,71726
375,2021-05-19,11020084856.6935,2.142288319,5144071766.77671,71795
376,2022-07-28,6298424373.21884,0.9025854963,6978202507.19915,449880
377,2020-07-06,58692806.0444191,0.01936241609,3031274907.62935,5016
378,2020-09-15,60837876.9464453,0.02069724186,2939419530.89426,9599
379,2020-06-20,69925709.602838,0.02105266283,3321466276.15358,3709
380,2021-05-31,9471886366.7849,1.841320805,5144071766.77671,71795
381,2021-09-02,7829154383.24364,1.471137276,5321838085.43921,138766
382,2021-10-01,6753312142.13436,1.205424057,5602436835.55888,174033
383,2021-10-15,8207968407.98884,1.452644807,5650361578.99196,190681
384,2021-11-18,10141713240.9553,1.568813342,6464576101.54382,247583
385,2022-01-22,10286108296.0612,1.58371189,6494936584.18243,326023
386,2021-02-06,216916555.347814,0.05130051365,4228350554.89733,21056
387,2021-02-07,226724577.310471,0.05363989753,4226789903.81117,21153
388,2020-06-18,68182692.2709137,0.02054876799,3318091494.14845,3609
389,2020-10-03,55961956.9002505,0.01841352882,3039176110.36479,10387
390,2021-08-07,6002903641.55187,1.122148687,5349472588.95354,107252
391,2021-10-30,11975332525.966,1.924956778,6221091644.70326,214647
392,2020-07-05,58515196.2488077,0.01915332137,3055093949.68031,4925
393,2020-06-28,65959317.1739081,0.01995490741,3305418352.56658,4053
394,2022-06-06,4282472354.74463,0.632685522,6768721909.71512,421565
395,2022-06-08,4031131064.15753,0.5945805117,6779790095.70487,422642
396,2022-06-12,3536356363.35979,0.5214451454,6781837733.61245,424638
397,2020-12-29,69127383.2791429,0.01839626912,3757684931.26016,16487
398,2021-05-03,4311114405.19827,0.817769288,5271797887.78003,66782
399,2021-09-13,6893687744.03958,1.255688468,5489966596.76839,154579
400,2020-10-16,46618140.9010681,0.01654235354,2818108123.82238,12128
401,2020-11-23,79755866.1783391,0.02052771178,3885277961.41424,14678
402,2021-07-17,4215982393.86979,0.8024601175,5253821719.04915,78286
403,2021-09-04,8408304411.54965,1.573505241,5343677411.74211,141934
404,2021-10-13,6924078016.16485,1.226344281,5646112696.60761,188550
405,2021-11-29,11087632588.1737,1.701752548,6515420001.39515,266275
406,2022-05-16,4695568005.43065,0.688730851,6817711154.93797,415355
407,2020-07-30,59437974.1116429,0.02039715334,2914032811.6733,6740
408,2020-09-22,58890229.7055529,0.0193749432,3039504637.76783,10243
409,2021-01-28,176740730.577613,0.04203370309,4204738521.38075,20669
410,2020-11-27,68867721.5488731,0.0176974299,3891396770.47976,15444
411,2020-08-05,62206387.730156,0.02132485778,2917083357.87404,7101
412,2021-05-23,5294273881.8014,1.029199071,5144071766.77672,71795
413,2021-06-20,7088908845.90206,1.364445541,5195450188.8137,71899
414,2021-09-16,7899410867.94475,1.435579054,5502595517.36801,158475
415,2021-12-22,16376154657.8719,2.544048,6437046257.5767,289264
416,2022-01-06,13975314909.8045,2.17796085,6416697025.40752,322134
417,2022-02-05,11181156202.2859,1.72277344,6490206978.60959,345086
418,2022-04-20,9399092843.10548,1.433145401,6558366540.55792,398192
419,2022-05-04,7281199910.64068,1.113294814,6540226198.99249,404331
420,2022-05-29,3981062244.4238,0.5886385085,6763169902.78378,420525
421,2020-10-01,59734842.980612,0.01965494621,3039176110.36479,10387
422,2020-11-08,58579229.7790889,0.01522529928,3847492828.67646,13294
423,2021-01-16,140746795.495284,0.03447534922,4082534293.9441,18904
424,2021-03-15,1668885744.8373,0.4046987811,4123772600.18587,38808
425,2021-11-16,10229407794.8112,1.587322161,6444443379.64073,244231
426,2020-11-20,68358147.4557016,0.01786558998,3826246294.42722,14314
427,2021-06-28,5835483171.11451,1.109265861,5260671380.86894,71996
428,2020-11-25,86036264.7602501,0.02211997357,3889528371.10022,15229
429,2021-06-03,9337238171.75113,1.815145394,5144071766.77672,71795
430,2021-07-16,4546765168.02526,0.8676759152,5240165236.94379,76680
431,2021-08-21,8414614395.26984,1.621051705,5190836523.06159,126633
432,2021-10-05,7314880817.94608,1.30318834,5613064968.60706,178761
433,2021-11-13,11223872797.6195,1.729862404,6488303792.84419,240061
434,2021-12-28,16692396358.9928,2.599674493,6420956318.16756,301630
435,2022-05-15,4652714747.87981,0.6869238473,6773261353.96217,414617
436,2022-05-23,4581072517.05565,0.6785854434,6750914805.87141,417986
437,2021-03-22,1599380226.65419,0.3742623636,4273419884.03213,43161
438,2021-09-15,7489576390.15502,1.362119917,5498470655.05213,156610
439,2020-10-09,47807398.2432065,0.01687868745,2832412080.25863,11058
440,2021-06-15,8394239335.13012,1.631827804,5144071766.77671,71795
441,2020-06-05,69798437.999928,0.02135673116,3268217288.48433,3361
442,2021-06-21,6714138300.96592,1.292311168,5195450188.8137,71899
443,2021-08-24,8165398717.72765,1.57076953,5198342953.71832,130672
444,2021-08-14,7814777125.89676,1.45735973,5362284249.91402,116860
445,2021-10-02,7125850339.94579,1.270882886,5607007867.30462,175124
446,2022-02-01,10787303978.2658,1.648024954,6545595049.76548,340217
447,2020-09-29,58454403.4704643,0.01923363482,3039176110.36479,10387
448,2021-02-12,523840763.817695,0.1227542378,4267394538.48141,23338
449,2021-03-28,1483251196.65434,0.3407434998,4352984568.84613,46083
450,2021-07-27,5355566617.7012,1.004769511,5330144432.6062,93599
451,2021-06-23,6079816527.9361,1.160644722,5238309718.07513,71984
452,2021-08-27,7470588759.7539,1.434137348,5209116665.78235,133519
453,2022-04-02,11063205253.7132,1.699821688,6508450462.85295,388948
454,2020-08-26,78422604.1989474,0.02680641612,2925516184.66463,9592
455,2020-11-21,70486911.2498424,0.01850610592,3808846201.98615,14438
456,2021-01-18,146182559.474782,0.0352960336,4141614355.86432,19134
457,2021-01-10,131418970.028745,0.03227127041,4072320932.50569,18535
458,2021-02-04,180634810.007205,0.04287025894,4213522718.59008,20859
459,2021-05-12,5838973459.34989,1.135087869,5144071766.77672,71795
460,2021-03-18,1691169281.62595,0.4068653339,4156582388.60686,40883
461,2021-05-28,9786958020.78046,1.902570272,5144071766.77672,71795
462,2022-05-07,6832808571.9582,1.04326661,6549436652.5245,406290
463,2020-11-05,49596046.7565421,0.01269264717,3907462809.25212,13149
464,2021-01-13,111037842.072905,0.02728752037,4069180364.39202,18608
465,2021-08-30,7208774721.42194,1.385500734,5203010395.56303,136857
466,2020-05-18,67548643.7610695,0.0206683454,3268217288.48433,3361
467,2022-02-02,10541647699.0494,1.61188043,6539968787.0315,341546
468,2020-07-22,63201826.587108,0.02121780927,2978715935.54545,6253
469,2021-03-07,877438026.558947,0.2158656025,4064742211.35347,31468
470,2022-03-04,9766691650.1147,1.525120781,6403880774.01037,376254
471,2020-08-22,74291689.4365895,0.02540334965,2924483993.98039,9584
472,2022-06-07,4026723123.91579,0.5933285915,6786666244.54854,422155
473,2021-02-26,779285584.523662,0.1815876141,4291512878.38938,26855
474,2021-04-19,1740612042.73746,0.3580556549,4861289072.83305,58078
475,2021-05-16,8523026355.1741,1.656863812,5144071766.77671,71795
476,2021-07-29,5393434483.24751,1.010609928,5336811300.55582,96265
477,2020-05-22,65942830.4898371,0.02017700314,3268217288.48433,3361
478,2020-10-10,49406765.0325931,0.01743840802,2833215335.94365,11196
479,2021-07-06,5928497216.95365,1.126946883,5260671380.86894,71996
480,2021-10-22,8779619280.79917,1.535650635,5717198353.45888,198638
481,2021-11-26,11300167367.5352,1.739942521,6494563602.56419,261367
482,2021-11-24,11105524119.0071,1.714178513,6478627537.95203,258604
483,2021-11-27,10847581994.6919,1.670093919,6495192796.92629,262962
484,2021-12-11,13990999356.2409,2.09928124,6664661738.37564,281667
485,2022-01-23,10305105136.4455,1.583674198,6507086590.92763,327393
486,2020-08-08,65787298.9697118,0.02212231253,2973798461.35232,7284
487,2021-05-05,3950011867.69141,0.764494303,5166829696.86557,69156
488,2021-06-09,7460429689.15608,1.45029658,5144071766.77671,71795
489,2021-05-22,7062896264.55801,1.373016666,5144071766.77671,71795
490,2020-06-22,72425433.7827675,0.02175510163,3329124129.95346,3796
491,2020-08-02,59485266.2557328,0.02039092272,2917242494.79633,6933
492,2021-06-24,6205731066.8869,1.184681968,5238309718.07513,71984
493,2020-06-03,68815215.135035,0.02105588737,3268217288.48433,3361
494,2022-01-19,13669402757.4708,2.081373179,6567492506.67024,321415
495,2022-06-03,4037955687.06488,0.596728741,6766819510.78809,421539
496,2020-07-28,58819963.6128327,0.02007924299,2929391492.90315,6646
497,2022-07-10,4068372342.09368,0.5721532277,7110634258.87256,436689
498,2020-11-18,66098206.4809119,0.01725583281,3830484868.23961,14244
499,2021-02-08,296861952.832673,0.07048021688,4211989775.196,21544
500,2022-04-19,9298943786.74833,1.417366392,6560719822.91277,397277
501,2020-06-15,66374147.7539309,0.01990501066,3334544697.29908,3461
502,2020-12-15,73628149.5094472,0.0191650256,3841797608.28211,15460
503,2021-06-02,9326932705.68499,1.813142026,5144071766.77672,71795
504,2021-07-28,5462490933.35096,1.023394793,5337618453.38227,94983
505,2021-09-12,7320384053.25354,1.333618949,5489112207.93647,153309
506,2021-11-20,10498703226.4765,1.623102108,6468294985.25996,251191
507,2022-01-15,15304313680.5502,2.355434898,6497447115.00687,317275
508,2022-02-12,10964380345.6292,1.703428144,6436655625.7662,352951
509,2022-04-03,10916252676.3741,1.677235852,6508478019.99947,389694
510,2020-08-07,64751481.3927695,0.0217069275,2982986947.4437,7197
511,2020-08-03,59603388.3939899,0.02040020044,2921706017.44711,6985
512,2020-08-27,77103738.6800262,0.02635560148,2925516184.66463,9592
513,2021-03-17,1652768064.50974,0.3981719047,4150890720.34944,40179
514,2022-08-02,6113642783.05934,0.8749864036,6987128894.59936,452614
515,2021-04-24,1791636494.81253,0.3637925545,4924885000.05065,60366
516,2021-07-19,4062352086.30221,0.7715255588,5265349981.19821,81226
517,2021-09-09,7349554499.93044,1.375531142,5343066599.33339,150109
518,2021-09-06,8869833753.25926,1.660194158,5342648454.14747,145106
519,2021-11-22,10145166214.2588,1.565813509,6479166358.49011,254554
520,2021-12-18,14063051934.6935,2.181683608,6445963053.84655,283441
521,2021-12-15,12945284146.1273,2.00005679,6472458286.04936,282241
522,2020-06-16,68175970.0391392,0.02048668743,3327818138.49651,3511
523,2022-06-05,4020946065.37526,0.5940480521,6768721909.71511,421565
524,2022-07-07,3785413314.57088,0.5380917436,7034884588.82032,434103
525,2021-03-24,1491715265.30749,0.3464267306,4306005089.81847,44187
526,2022-05-09,5901643709.26296,0.8998252833,6558655128.83349,407319
527,2021-05-17,8507798558.07173,1.65390355,5144071766.77671,71795
528,2020-10-24,48383942.6917693,0.01725702517,2803724408.10664,12930
529,2020-07-07,59754971.2685138,0.01990665929,3001757874.66835,5085
530,2020-12-12,68506839.4447505,0.01784448259,3839104838.76062,15596
531,2021-07-13,5049042817.6188,0.9724639438,5192010305.22305,72003
532,2021-09-10,7491335014.93243,1.364072939,5491887418.96089,151336
533,2021-09-05,9097806879.56126,1.702663701,5343278814.63358,143386
534,2021-10-18,8517784369.83922,1.507008024,5652116136.02248,193907
535,2021-10-26,10947360091.4192,1.773963528,6171130308.74003,205384
536,2021-11-25,11779301964.6391,1.814464583,6491888612.76471,259847
537,2022-01-14,14807243847.4033,2.279351249,6496253640.04369,315278
538,2022-03-31,10888478058.8072,1.687452328,6452613727.74216,387568
539,2022-04-01,10745050993.6515,1.650979646,6508287983.54533,388273
540,2022-05-10,5997288046.94736,0.9144082025,6558655128.8335,407319
541,2020-10-29,50565442.4777673,0.01484069824,3407214516.5397,13156
542,2020-12-21,71629956.7303482,0.01895692273,3778564577.9518,16029
543,2020-12-25,61873471.1938814,0.01645060081,3761167869.37168,16420
544,2021-03-23,1491225688.72878,0.3469624154,4297945894.81358,43684
545,2021-04-27,3026098841.91363,0.6009446295,5035570156.07959,62884
546,2022-07-16,4988130145.2576,0.7059139487,7066201418.08417,441514
547,2022-07-25,5784107597.38304,0.830225757,6966909359.99206,447527
548,2021-03-20,1717933670.2223,0.4072501449,4218374607.72183,42146
549,2021-07-01,5815976918.89593,1.105557922,5260671380.86894,71996
550,2021-07-21,4306486110.87155,0.8010588584,5375992120.64343,84772
551,2021-09-26,6246900807.99984,1.113777178,5608752747.76252,168603
552,2021-12-24,16583970069.3867,2.582220239,6422368557.22246,293186
553,2020-05-10,49722828.1872241,0.01523293678,3264165597.58368,3054
554,2020-07-27,59904765.9834293,0.0200294818,2990829546.94519,6577
555,2020-10-06,53000552.1241175,0.01822100238,2908761604.69191,10533
556,2020-09-05,55431746.7843122,0.01885805895,2939419530.89426,9599
557,2020-12-09,67964730.2605479,0.01764239388,3852353071.25327,15890
558,2021-01-06,128710864.921476,0.02828660465,4550240882.39685,17610
559,2021-01-07,158333540.486131,0.03468544156,4564841425.88593,17942
560,2021-01-19,144506770.095872,0.0350694128,4120592805.72099,19294
561,2021-02-14,458235459.38302,0.1071894615,4275004772.23039,23677
562,2022-04-07,9674315031.16118,1.485560345,6512232950.99207,392721
563,2021-11-11,11147224416.6731,1.73493522,6425153104.39465,236630
564,2020-08-14,81420752.8125495,0.02758450667,2951684211.01645,8351
565,2020-09-25,57445657.8565874,0.01890172065,3039176110.36479,10387
566,2020-06-26,70917266.0135937,0.02123384234,3339822574.86966,3937
567,2020-08-31,79089545.2495848,0.02690651825,2939419530.89426,9599
568,2021-06-19,7219652866.86156,1.389610641,5195450188.8137,71899
569,2021-07-24,5020033045.67625,0.9293144067,5401867236.06489,89248
570,2021-09-08,7049474224.63471,1.317912849,5348968430.4455,148433
571,2021-09-14,7104342213.74123,1.292272765,5497556250.07072,155117
572,2021-10-24,9068525429.01309,1.585459504,5719808930.13063,201472
573,2021-10-27,11076398838.7285,1.79264705,6178795116.09186,207333
574,2021-11-28,10265173077.9677,1.581463186,6490933946.84743,264415
575,2022-01-27,10351214590.6896,1.579188724,6554767287.23151,332809
576,2022-02-07,12063108137.8188,1.858059225,6492316270.03106,347183
577,2022-07-11,4012695380.99652,0.5640436203,7114157907.00032,437361
578,2020-09-06,53707747.7148617,0.01827154891,2939419530.89426,9599
579,2020-10-31,47370204.1902438,0.0138794026,3412985813.65445,13012
580,2020-12-28,70951102.2517923,0.01892658226,3748754068.85862,16477
581,2021-02-05,208486333.322008,0.04920375332,4237203856.58181,20921
582,2021-03-12,1770569861.88739,0.4426470567,3999958511.28738,36149
583,2021-04-29,4321031304.00551,0.8247048499,5239488168.86193,65045
584,2022-02-19,10352377122.4335,1.613196682,6417306231.72471,361785
585,2021-05-02,4128658291.90824,0.7869120667,5246657748.44833,66587
586,2020-09-13,59699173.5047916,0.02030985127,2939419530.89426,9599
587,2021-03-27,1417218200.7829,0.3263363348,4342814604.20355,45674
588,2021-07-18,4339837915.03026,0.8251250876,5259612124.6086,79797
589,2022-03-14,8702442953.97395,1.363255634,6383573806.7143,377411
590,2022-04-24,8871763950.92886,1.356143737,6541905336.16105,400842
591,2022-05-11,5181872956.9238,0.7905361016,6554884649.13454,408978
592,2022-05-30,4273034510.56579,0.6315231423,6766235826.7914,421190
593,2021-01-04,92823920.9498897,0.02142990499,4331513414.77769,17044
594,2021-03-16,1543399420.74089,0.3760334454,4104420603.49196,39420
595,2022-07-27,5682620366.33418,0.815253006,6970376465.15733,449173
596,2020-12-06,75654680.7745139,0.01955277393,3869255637.67632,15729
597,2020-10-27,48395598.9015651,0.01613873603,2998722999.47822,13208
598,2020-12-14,69999365.4425618,0.01819467028,3847245613.60013,15444
599,2021-05-09,4799891390.05484,0.9310462636,5155373666.69501,71660
600,2021-10-06,7159849796.38868,1.275453677,5613571018.69088,180253
601,2021-10-21,8795278876.614,1.540644554,5708830666.48744,198042
602,2020-06-11,68542366.2153985,0.02097240182,3268217288.48433,3361
603,2022-02-03,9891351264.28455,1.523323277,6493271266.67947,342815
604,2022-03-22,9669484076.5125,1.508039182,6411958119.94012,380624
605,2020-06-29,62833674.7970659,0.0198123611,3171437996.93334,4372
606,2020-12-05,74106303.3064667,0.01918546001,3862628430.53416,15751
607,2021-01-22,128092334.937305,0.03054530341,4193519808.94096,19676
608,2021-03-05,826259202.215952,0.2034448849,4061341737.41491,30733
609,2021-03-03,925240726.61671,0.2289795778,4040712867.83517,30084
610,2021-04-28,3952563986.28906,0.7607560403,5195573583.42581,64458
611,2021-05-15,8736613889.45712,1.698384915,5144071766.77671,71795
612,2022-05-22,4447118290.83179,0.6607073075,6730844717.71088,417340
613,2020-07-17,65117975.6777254,0.02134148503,3051239198.38833,5896
614,2021-07-23,4890001067.21981,0.9050663753,5402919830.98057,87850
615,2021-06-01,9578836289.95244,1.862111713,5144071766.77671,71795
616,2021-06-30,5994685385.28228,1.139528579,5260671380.86894,71996
617,2022-02-16,11674951181.5208,1.816927725,6425655253.31085,358026
618,2022-02-20,9927481946.62897,1.547583334,6414828672.55603,362932
619,2022-02-24,8620016820.55176,1.353672824,6367873142.25533,368263
620,2020-07-02,58608986.5595928,0.01900344227,3084124745.50496,4697
621,2020-07-13,68979885.1438552,0.02229447472,3094035002.16445,5449
622,2020-06-09,66039913.6517468,0.02020670837,3268217288.48433,3361
623,2021-07-25,4952918541.21707,0.9290836805,5330971413.08403,90371
624,2021-08-19,6994027881.59846,1.350952309,5177109386.39626,123510
625,2021-11-04,12447992559.3722,1.956213375,6363310219.4771,224224
626,2020-05-31,75656529.3043164,0.02314917358,3268217288.48433,3361
627,2020-05-26,75212879.3024385,0.02301342679,3268217288.48433,3361
628,2022-01-16,15092173692.7222,2.330169553,6476856446.75924,318880
629,2021-01-26,153462881.514316,0.03649257316,4205318184.63048,20263
630,2020-08-30,82200360.3147929,0.02796482756,2939419530.89426,9599
631,2021-06-10,7367013105.05235,1.432136533,5144071766.77671,71795
632,2021-06-27,5614338830.61842,1.067228577,5260671380.86894,71996
633,2021-11-19,10135678752.5349,1.567659715,6465483965.26567,249382
634,2021-11-30,11618523629.545,1.785006756,6508952186.19018,268343
635,2022-01-30,10802165308.1588,1.648172262,6554026879.65125,337768
636,2022-02-27,9481154584.45369,1.48757352,6373570419.53293,371280
637,2020-07-14,67673079.6888242,0.02198446691,3078222454.29967,5572
638,2022-06-21,3064759759.84999,0.4274906495,7169185485.5956,430823
639,2022-07-08,4138011561.04925,0.5818973303,7111239982.42031,435205
640,2020-09-28,58572908.8428871,0.01927262742,3039176110.36479,10387
641,2021-03-09,985265160.957543,0.240714174,4093091588.80784,32408
642,2021-04-08,1663716737.90283,0.3488002117,4769827201.5968,52118
643,2021-04-09,1718370999.23228,0.3597710082,4776290918.88284,52718
644,2021-03-31,1585044263.71079,0.359989662,4403027172.67773,47655
645,2021-02-11,546600572.170785,0.125759664,4346390207.18874,22966
646,2021-04-16,2082101340.43502,0.4304524505,4837006591.05479,56416
647,2020-06-21,74132294.4287807,0.02229975363,3324354863.69638,3753
648,2021-07-14,4829272584.7034,0.9248991473,5221404516.40039,72679
649,2020-05-27,82016999.1966472,0.0250953324,3268217288.48433,3361
650,2020-05-05,55107126.8816946,0.01694666547,3251797646.00613,2947
651,2022-05-31,4489244099.41711,0.6623054389,6778208113.51674,421203
652,2020-10-22,48098418.5284555,0.01715188104,2804264933.0987,12757
653,2021-02-18,536054257.34167,0.1233160073,4346996543.53538,24182
654,2021-04-13,1833622486.99865,0.3836869454,4778954585.08523,55013
655,2021-04-03,1734951001.71019,0.3777056097,4593394848.42997,49115
656,2020-06-07,66644876.1643432,0.02039181311,3268217288.48433,3361
657,2020-06-13,68251171.5227775,0.0205893539,3314876797.26516,3369
658,2021-05-26,11210002434.7503,2.179208017,5144071766.77672,71795
659,2021-05-30,9325964713.64125,1.81295385,5144071766.77671,71795
660,2021-06-07,8428852554.83017,1.638556563,5144071766.77671,71795
661,2021-08-18,7002670613.81229,1.353100822,5175276297.46082,122340
662,2022-05-28,3949806478.76726,0.5847122951,6755128141.12778,419958
663,2020-10-26,51810614.6271597,0.01708665855,3032226253.16343,13158
664,2021-04-02,1655233127.51695,0.3741251146,4424276967.73719,48573
665,2021-02-10,507100329.420521,0.1158142541,4378565775.76112,22410
666,2020-07-03,58576683.6304202,0.0190533856,3074345151.27095,4769
667,2020-10-11,49530444.4609173,0.0175430462,2823366244.57386,11328
668,2020-05-23,66164424.4796446,0.02024480585,3268217288.48433,3361
669,2021-12-05,13163423534.9141,2.028998884,6487644541.03229,277185
670,2021-12-07,15320465599.1182,2.344565727,6534457712.37017,280399
671,2021-12-13,12370683663.3594,1.920671652,6440811292.10771,284009
672,2022-01-12,14989388026.8593,2.353948417,6367764015.81276,316824
673,2022-05-26,4209460014.25027,0.6233798205,6752640806.92076,419145
674,2022-07-06,3640715264.73777,0.5138747319,7084830288.17006,432786
675,2020-09-30,59657029.9038367,0.01962934287,3039176110.36479,10387
676,2020-12-26,64771752.0686597,0.01721139171,3763307067.90012,16470
677,2021-03-08,861272404.591354,0.2115632419,4070992659.39067,31692
678,2021-02-23,591124200.926712,0.1323355743,4466857865.86355,25360
679,2021-04-15,2042280372.73001,0.4223307142,4835737265.11575,55610
680,2021-03-30,1658766607.91183,0.3775490837,4393512471.27238,47104
681,2022-07-17,5359548020.5614,0.7572828364,7077339883.12532,442589
682,2020-09-24,55351244.2160305,0.01821258203,3039176110.36479,10387
683,2021-07-05,5915507717.24067,1.124477712,5260671380.86894,71996
684,2021-08-17,7454701455.33636,1.441907422,5170027799.85697,121121
685,2021-09-07,7982274570.90664,1.493151605,5345923712.96147,146857
686,2021-10-17,8404841515.22118,1.486851967,5652776269.37138,192641
687,2021-12-08,15925264252.6122,2.412179762,6602022164.49195,277652
688,2021-12-17,13363820679.638,2.073083784,6446348565.45783,282084
689,2020-05-11,49258779.4846214,0.01508122102,3266232848.522,3076
690,2022-04-28,8191396814.77835,1.253671944,6533923688.49176,403135
691,2020-07-12,65669658.9155688,0.02117579332,3101166409.14895,5386
692,2022-07-01,3331782793.85941,0.4702699512,7084830288.17006,432786
693,2020-09-09,56351183.2864118,0.01917085421,2939419530.89426,9599
694,2021-02-15,451951074.48834,0.1036115108,4361977456.32068,23774
695,2021-05-13,5607148241.99833,1.090021387,5144071766.77671,71795
696,2022-04-22,9306640177.98845,1.422468992,6542596168.62743,399740
697,2022-05-14,4495635063.09859,0.6636438048,6774168659.15069,413420
698,2022-06-27,4008575745.44098,0.5591396336,7169185485.5956,430823
699,2020-05-08,57493505.6930623,0.01769995719,3248228517.06564,2997
700,2021-02-21,731539409.284427,0.1662013089,4401526160.91215,24520
701,2021-04-25,1839963352.01962,0.3725954893,4938233030.39398,60670
702,2021-06-26,5527958783.68203,1.05080861,5260671380.86894,71996
703,2021-07-30,5481014495.28697,1.025727507,5343538570.6131,97668
704,2021-10-20,8444278773.60384,1.490529032,5665289699.47955,196622
705,2022-01-13,15324813943.7416,2.352241545,6514983112.01081,313490
706,2020-08-19,75139305.9212045,0.02595766555,2894686571.9976,9403
707,2020-08-11,71824623.8763523,0.02411733461,2978132743.549,7515
708,2020-09-27,56729809.8860583,0.01866618051,3039176110.36479,10387
709,2020-11-10,64637028.9343303,0.01679573442,3848419325.83058,13522
710,2020-12-22,68872562.1627495,0.01825254878,3773312044.25566,16146
711,2021-01-29,168766357.784494,0.04014686056,4203724909.64609,20824
712,2021-03-25,1439575378.70601,0.3328948362,4324414867.16247,44670
713,2021-03-06,884339038.788833,0.21713049,4072845959.77575,31093
714,2020-07-08,62244668.5873672,0.02077189044,2996581787.01224,5183
715,2020-09-20,64983091.6209045,0.02133807156,3045406021.87053,9938
716,2021-05-27,10899842362.5426,2.118913354,5144071766.77671,71795
717,2022-01-26,10602000846.1478,1.61798477,6552596194.47021,331085
718,2022-01-18,13994990564.9441,2.160229962,6478472576.02017,320166
719,2022-03-03,10221960108.3983,1.600470492,6386846967.85225,375617
720,2022-06-20,2770114041.962,0.3863917383,7169185485.5956,430823
721,2020-09-12,61784738.7740512,0.0210193673,2939419530.89427,9599
722,2020-11-22,73116228.7207886,0.01919540278,3809048946.49428,14532
723,2021-04-17,2046307025.90018,0.422808558,4839795664.37801,56982
724,2021-01-27,175805173.91605,0.04197191928,4188637949.29932,20530
725,2020-07-16,66124380.4461424,0.02156799617,3065856463.25582,5851
726,2020-05-21,65481682.3319095,0.02003590231,3268217288.48433,3361
727,2021-05-25,8804690186.66947,1.711618847,5144071766.77671,71795
728,2021-07-02,5646615526.02319,1.073364048,5260671380.86894,71996
729,2021-09-30,6300958439.11493,1.124870484,5601496820.90333,172761
730,2021-12-27,18160747333.3963,2.827657908,6422540463.34595,299674
731,2022-03-02,10480371004.0309,1.640588833,6388176483.58001,374729
732,2022-03-08,9251873762.11831,1.446842282,6394528194.34267,377909
733,2021-03-29,1571520300.89573,0.3578649511,4391378076.94291,46652
734,2021-12-21,14705483002.8004,2.281301502,6446093595.52477,287921
735,2020-10-18,47326575.2405442,0.01678532248,2819521358.06059,12261
736,2020-07-21,63748663.4769601,0.02136337113,2984017039.02855,6189
737,2020-09-10,60440101.0645529,0.02056191722,2939419530.89426,9599
738,2021-08-29,7462577430.1943,1.432232051,5210452750.3571,135647
739,2021-10-28,12088635793.7004,1.950041495,6199168491.48916,210086
740,2021-12-19,14357442015.4029,2.227806122,6444655069.02949,284692
741,2022-01-31,10398727181.374,1.586732333,6553548425.69208,338719
742,2022-04-15,9117417004.57238,1.387983005,6568824669.80714,396427
743,2020-10-07,48543089.5082191,0.01712842193,2834066658.80893,10695
744,2020-11-12,63301886.8429608,0.01649614118,3837375428.88348,13677
745,2021-03-13,1740988804.6999,0.4249554528,4096873668.40452,37229
746,2021-05-21,8694928942.67707,1.690281422,5144071766.77671,71795
747,2022-04-25,8580494252.56368,1.312564758,6537196891.01595,401410
748,2022-05-27,3953571204.3061,0.5851246033,6756802195.1872,419357
749,2020-09-04,56298477.244867,0.01915292344,2939419530.89426,9599
750,2021-06-29,6149100557.33666,1.168881329,5260671380.86894,71996
751,2021-07-20,3671192562.10548,0.6880108292,5335951712.32755,83054
752,2021-09-23,6756265408.10935,1.20499568,5606879361.4996,166145
753,2021-09-25,6309564336.78471,1.124737703,5609809576.24873,167608
754,2021-11-08,12093567051.3517,1.894258066,6384329184.32621,230933
755,2022-04-09,9442955111.34666,1.450033373,6512232950.99207,392721
756,2020-11-26,70058730.4106952,0.01800273741,3891559867.54685,15353
757,2021-02-01,156105048.839036,0.03767942809,4142978191.30351,21360
758,2021-05-20,9589869482.187,1.864256549,5144071766.77671,71795
759,2022-02-21,9824914350.96474,1.535097806,6400187864.50792,364230
760,2020-05-12,52119491.2984639,0.01596423568,3264765838.32248,3217
761,2020-10-05,56888652.5347361,0.01871844555,3039176110.36479,10387
762,2021-02-13,518052690.376737,0.121090403,4278230789.52563,23513
763,2021-08-28,7698848559.24857,1.47759339,5210397266.58911,134700
764,2021-11-23,10538911186.9825,1.626898911,6477913971.25399,256472
765,2021-12-12,13427948422.9273,2.083183636,6445878411.3081,282490
766,2022-04-05,10649995035.2823,1.636177419,6509071026.58252,391187
767,2020-10-28,53483264.9791768,0.01559021914,3430565310.67615,13235
768,2021-02-19,542267332.804532,0.1245451741,4353981090.21462,24313
769,2021-03-10,1313086824.23105,0.3102596151,4232219601.04163,33178
770,2022-07-21,6152713990.28544,0.869698713,7074535006.36345,445218
771,2022-08-01,6377626241.72915,0.9128639183,6986393167.45637,452045
772,2021-08-12,7242408401.07477,1.355074774,5344655910.27745,114162
773,2021-08-26,7491525004.68845,1.439490109,5204290713.13836,131764
774,2021-08-20,7779757900.82445,1.498349777,5192217477.79891,125237
775,2021-09-20,6649184694.09379,1.209076609,5499390727.48737,162709
776,2021-08-31,7048300887.19874,1.351044272,5216928146.09171,135981
777,2021-10-07,7178102014.71373,1.273661265,5635801458.1733,181584
778,2021-10-09,7627342081.6627,1.351929339,5641820072.02179,183880
779,2022-01-09,13069936026.1897,2.047212063,6384260948.48797,328004
780,2022-02-11,11789511470.3846,1.831724313,6436291416.22861,351763
781,2022-02-22,9041921833.48925,1.417448769,6379011384.13509,365816
782,2022-04-29,7823271742.16513,1.195900978,6541738729.14405,403710
783,2022-06-17,2853512764.67541,0.3966145586,7194674786.9468,428993
784,2022-06-18,2639206228.9966,0.3669628076,7192026477.94835,429562
785,2022-03-19,9757756325.6329,1.520415158,6417823627.53437,378806
786,2022-04-04,10775622037.9374,1.655419218,6509301042.17456,390469
787,2022-05-18,4647894696.22081,0.6811556798,6823542450.36841,416834
788,2020-07-15,70074659.1870511,0.02276109217,3078703722.47719,5742
789,2020-08-18,81925682.4662362,0.02811037929,2914428212.40012,9248
790,2021-01-05,106290430.566745,0.02458679645,4323069529.02535,17220
791,2020-05-20,70661843.8360804,0.02162091367,3268217288.48433,3361
792,2021-07-04,6002115127.12289,1.140940898,5260671380.86894,71996
793,2022-03-17,9351715472.76365,1.457536458,6416110841.83511,377668
794,2022-05-12,3974165070.20451,0.5989595945,6635113798.09489,411353
795,2020-08-13,77504173.2739697,0.02625486085,2951993297.72585,8073
796,2020-09-21,63700146.5605381,0.02086110878,3053535995.82911,10053
797,2020-12-30,69054261.6382154,0.01836627013,3759841336.1904,16527
798,2020-12-31,67512100.3303855,0.0176243718,3830610309.61185,16611
799,2021-04-26,2412497119.48538,0.4827554736,4997348039.02983,61260
800,2021-05-04,3883276836.48293,0.7602231542,5108074931.96008,68537
801,2020-08-23,74335606.419943,0.02540939845,2925516184.66463,9592
802,2022-06-09,4236331251.46487,0.6249667282,6778490854.97504,423189
803,2020-10-02,55587393.1600591,0.01829028366,3039176110.36479,10387
804,2020-09-02,71272393.5945641,0.02424709806,2939419530.89427,9599
805,2020-07-23,63558636.4298363,0.02124243388,2992059986.04161,6333
806,2020-10-14,49755278.0586704,0.0175897272,2828655470.0679,11873
807,2020-06-14,69234773.6357288,0.02082316283,3324892294.01761,3398
808,2020-06-19,67157816.6902211,0.02024013576,3318051691.65678,3656
809,2021-08-16,7710802366.27016,1.49150149,5169825453.37634,119811
810,2021-08-22,8373892060.14327,1.614995831,5185085868.01031,127809
811,2021-10-16,8634978198.43608,1.527833481,5651779665.00542,191670
812,2021-11-09,11829663506.0962,1.850047491,6394248559.07178,232826
813,2021-12-01,12659066567.2569,1.945916611,6505451721.35415,270319
814,2021-12-14,11820584055.6709,1.838906991,6428048896.51045,284705
815,2020-12-01,74293441.867514,0.0192071078,3868018164.87559,15722
816,2021-01-12,108620196.155975,0.02661694624,4080866196.6296,18383
817,2021-03-11,1305562725.53075,0.3110347696,4197481609.83377,34617
818,2022-07-24,6164227668.96983,0.8733891746,7057824676.8734,446893
819,2020-08-28,77504980.5763789,0.02649275399,2925516184.66463,9592
820,2020-12-23,66309207.5167654,0.01762268862,3762717989.84871,16264
821,2020-05-15,64585932.9100086,0.01976182341,3268217288.48433,3361
822,2020-11-01,47737407.9142448,0.01398144607,3414339808.99419,12937
